-0.010228775	0.018557731	-0.029932488	0.02320924	0.015500639	0.04383496	0.035953496	0.020040046	-0.04441625	-0.026038183	0.038201485	-0.049638808	-0.013891924	0.020544793	-0.009322844	0.028722014	-0.03574841	-0.042607605	-0.0415586	-0.043555107	-0.0028099418	-0.04024017	0.04110154	0.003912341	0.037003983	-0.030993069	-0.024806201	0.049364712	-0.043335497	-0.03709997	-0.027272617	0.0340614	0.048661027	-0.04006213	0.012862872	-0.029174758	0.03709059	-0.03786844	-0.042801272	0.015314613	0.0011967048	0.04040462	0.035896447	-0.01859466	-0.0031369217	0.019770253	-0.03685235	0.03950626	-0.042122424	0.0068997033	-0.049726285	0.00060135126	-0.04667312	0.008813046	0.0013482086	0.007750489	-0.025802447	-0.018523585	-0.0075775497	0.04825527	-0.023049045	0.039293613	0.022819888	0.009885002
0.032828	-0.33244756	-0.5860012	-0.13437054	-0.3540819	-0.06876622	0.121912085	0.27252096	-0.13173036	-0.30076078	0.27492076	-0.25903556	0.45772603	-0.18292515	-0.17364237	0.3708459	0.57759327	-0.6153954	-0.27361932	-0.36421207	0.09570717	-0.27061415	-0.12764402	0.29376966	0.09775882	-0.25383064	-0.31455413	-0.57974565	-0.016359031	-0.38649592	-0.14555736	0.18400536	0.39252695	0.3776859	-0.27434415	0.073458314	-0.114728704	-0.020744372	0.13056292	0.02669939	0.38314465	0.2830368	-0.14233848	-0.13495697	0.31995833	-0.08577277	-0.08796752	-0.26444936	-0.3871667	-0.07513399	0.3874937	-0.16095735	0.19324479	0.19812942	-0.32742205	0.08499006	-0.06300374	-0.45760337	0.09804532	0.04924116	0.3182689	0.27964926	-0.28149873	-0.04662879
-0.1946345	0.14078735	0.49643102	-0.12593125	0.08294956	-0.04330182	0.19158515	-0.1547493	-0.11033241	-0.015040729	-0.3227805	0.18152927	-0.2006841	-0.112922	-0.15707698	-0.21011685	-0.4653887	0.4484869	0.02979141	0.08059809	0.021734199	-0.09599152	-0.13143143	-0.06609556	0.18890467	0.0313541	0.0639687	0.4586382	-0.15646681	-0.042492986	0.002825115	0.14603582	-0.0963673	-0.08379465	-0.0325763	-0.29247096	-0.10201375	-0.1468155	0.14132209	0.21374379	-0.073900566	-0.12015257	-0.024976762	-0.02630099	0.09096968	-0.20986423	0.26707533	-0.028348139	0.06579408	-0.1475365	-0.099089496	-0.102101356	-0.003142821	0.05676948	0.18315639	0.06390519	-0.026037699	0.36153206	0.042658545	0.20759857	-0.10788991	-0.0046574865	0.13666204	-0.08099975
0.30877087	-0.064679556	0.15816091	-0.29212922	-0.08529768	-0.041511446	0.1926267	-0.21116658	0.1737188	-0.2089032	-0.18548422	0.22580452	0.048322514	-0.2350339	-0.29386014	-0.059758496	-0.08891327	-0.018069647	-0.00089970964	0.0053365687	-0.2455492	-0.34071648	-0.15768933	-0.18519072	0.058583494	0.060159627	-0.07486909	0.23586303	-0.103101276	-0.23958534	0.3210215	0.18206653	0.2468972	-0.022034695	-0.16091269	-0.20112963	-0.1914816	0.015208738	0.34866807	0.253793	0.026973646	-0.037819672	0.39649898	-0.05497161	0.019624079	-0.17160134	0.20308304	-0.08887328	0.06513299	-0.11854597	0.24057163	-0.15861821	0.06736657	0.1941988	0.048775	-0.051892374	0.038288362	0.15693827	0.037797358	0.018146291	-0.23171252	0.046408653	0.08613733	0.098002985
0.03769007	0.007381238	0.023832206	0.036046688	0.038305607	-0.04744531	-0.012215115	0.0376981	0.046481464	0.045645956	0.0028831474	0.040304493	0.043533694	0.03493185	-0.030570948	0.047224287	-0.0065514557	0.025160406	-0.0063293464	0.010493793	-0.021428073	0.009845853	-0.048278656	0.03243954	-0.01753179	0.032492068	-0.0051529296	0.018260587	-0.015817594	-0.014748514	-0.016305793	0.04162607	-0.010796882	-0.016341507	-0.023281991	0.0474643	-0.026548982	0.022173215	-0.02835163	0.008628331	0.00023724884	-0.005399	0.0070550814	0.037830476	-0.01946478	0.04732332	0.029045854	-0.004498899	-0.047413696	-0.038966082	-0.040721416	-0.03969829	0.030693714	0.043099668	-0.016948938	-0.025607003	0.042767677	0.015632477	0.039477143	-0.0019550808	-0.023711955	-0.038881313	0.017363612	-0.02464807
0.034286287	-0.20410317	-0.14003216	-0.17134678	-0.105635375	-0.033776708	0.13859561	-0.0402838	-0.030000396	-0.12225334	0.06550649	0.008576759	0.14360948	-0.14241673	-0.12866858	0.16711268	-0.03447864	-0.05182822	-0.023877863	-0.15955795	0.022139186	-0.2736299	0.032295767	0.007240861	0.07193705	-0.23758222	-0.097556055	0.0046151695	-0.051528376	-0.31924367	-0.02553257	0.13797544	0.17770848	0.11548014	-0.16224544	-0.11305961	-0.14070672	-0.13235469	0.23470752	0.061848707	0.09666627	0.39506882	0.0013932205	-0.13806352	0.2324228	-0.12457089	0.096057646	-0.20281912	-0.049188584	0.06603923	0.039632566	-0.16761173	0.08764075	0.11839385	-0.13988149	0.019285284	-0.18546857	-0.088963814	-0.07027642	-0.04760761	0.08595161	0.104511105	-0.10710154	-0.026201682
-0.084444925	0.031370595	-0.00033867094	-0.0901102	-0.07882229	-0.069872804	0.10162399	0.022965608	-0.08145508	-0.09303907	-0.081581675	0.051005255	0.049747426	-0.09231	-0.04620376	0.04878921	-0.13251927	0.04712366	-0.0005488365	-0.081929155	0.05578628	-0.14620344	-0.06636175	0.012020756	0.048575435	-0.08086526	0.0009532695	0.15546294	-0.11121285	0.1231352	-0.038603216	0.1769034	0.013515633	0.03353811	-0.07746467	-0.14435007	-0.14602098	-0.09689897	0.1437861	0.09722026	0.07019088	0.108968794	0.012162067	-0.09640659	0.10162021	-0.12679474	0.05270826	-0.09090766	0.0022733298	-0.042481456	-0.1100125	-0.15268432	0.078129925	0.09925521	-0.06312235	0.06452905	-0.18871628	0.10576146	0.008871693	0.11045688	0.017671645	0.029661	-0.096103385	-0.044765837
-0.15045235	-0.1997117	-0.47333422	-0.15261626	-0.2586642	-0.04450629	0.10406958	0.22548623	-0.18040287	-0.23892567	0.10379147	-0.20598035	0.29965803	-0.14200051	-0.21171445	0.30883968	0.42083186	-0.39274123	-0.19277143	-0.24451087	0.06436583	-0.11832135	-0.13726965	0.2611164	0.090677716	-0.18382359	-0.19506074	-0.4059395	-0.0788222	-0.23791872	-0.15547842	0.14307058	0.116229825	0.30443567	-0.22136429	0.040623713	-0.100830786	-0.08226926	0.03479319	0.023276094	0.2812066	0.101677716	-0.14081585	-0.12797636	0.20555982	-0.05374327	-0.0025911303	-0.17411229	-0.26991197	-0.08688695	0.34860215	-0.17629328	0.1888721	0.19031301	-0.25025594	0.08892827	-0.044876512	-0.43168497	0.056739245	0.1348724	0.18205325	0.26689577	-0.19113766	-0.06667368
-0.07672585	-0.020266183	0.13250986	-0.09140554	0.035704277	-0.018011997	0.107586674	-0.004762146	-0.019177195	-0.085647054	-0.15099187	-0.053723343	0.02481384	-0.053994633	-0.08583407	-0.023934377	-0.103059985	0.019903095	-0.007953675	-0.07670809	0.04370414	-0.06346417	-0.024534618	0.0675238	0.101808704	-0.024088765	-0.01603043	0.13360386	0.011321031	0.015220905	-0.010804558	0.03204667	0.0844374	0.077311486	-0.051752724	-0.055635992	-0.015728088	-0.0093391705	0.11814324	0.09098829	0.04847848	-0.05784771	0.034321535	-0.049326047	0.037114583	-0.085082985	0.116654485	-0.039917555	-0.070959084	-0.067981765	0.10159036	0.015948975	0.057721324	0.06318721	-0.027422547	-0.020470368	0.028553788	0.08088911	0.09339536	0.079752	0.021058757	0.036161456	0.005566452	-0.060424298
-0.12213612	-0.21891893	-0.5317797	-0.18682191	-0.24992543	-0.056856733	0.18364714	0.22135173	-0.13277394	-0.1783805	0.14264293	-0.29036447	0.36016253	-0.13265802	-0.15002333	0.23398788	0.4549657	-0.4106793	-0.2545691	-0.3029576	0.071612775	-0.1970403	-0.11508773	0.20112173	0.13831575	-0.15675619	-0.21051319	-0.47250077	-0.07212003	-0.20970868	-0.19349395	0.14477158	0.15541676	0.33406755	-0.2060673	0.032104254	-0.16623138	-0.044005074	0.09041362	0.02038417	0.2712087	0.08749772	-0.13812046	-0.111473665	0.22693166	-0.086845815	-0.0680874	-0.23718402	-0.281015	-0.15769555	0.32752025	-0.12083466	0.16660766	0.23029651	-0.22753577	0.07882732	-0.057227932	-0.4301255	0.13907132	0.09566287	0.24634719	0.29900146	-0.2524897	-0.08624033
-0.0730169	-0.05102739	0.020757515	-0.11388342	0.012179756	-0.04840797	0.09028941	0.07813181	-0.081804894	-0.02737841	-0.20805389	-0.0961089	0.006450069	-0.13152836	-0.09864126	0.036698252	-0.2025464	0.020802727	-0.15216218	-0.06508392	0.06940211	-0.08219613	-0.15501246	0.096462294	0.17828746	-0.09721515	-0.032964934	0.18577206	-0.08174405	-0.05528275	-0.12691869	0.08183394	-0.03103351	0.027325774	-0.07129245	-0.12415106	-0.13063234	-0.08368789	0.11895351	0.13307732	0.017846743	-0.023921695	-0.11891728	-0.119679235	0.13060376	-0.14551789	0.15560423	-0.11485498	-0.035197783	-0.096610695	0.023681324	-0.08786748	0.14814077	0.15381639	0.0004267175	0.1043965	-0.030538196	0.012573725	0.15261437	0.19072841	0.10920194	0.12495952	-0.07002302	-0.0642335
-0.15746471	-0.02693154	-0.03574406	-0.03158093	-0.06197258	-0.04506648	0.117859304	0.08343047	-0.10071881	-0.07572105	-0.10765812	-0.09339853	0.08333193	0.036145277	-0.0027957137	0.057663266	-0.06075139	-0.04709295	-0.033939924	-0.077273086	0.069033675	0.032942664	-0.08000771	0.17059962	0.07401312	-0.1214785	-0.023329522	0.09485147	-0.007978534	-0.0049775965	-0.1309664	0.066008456	0.049477037	0.1181446	-0.10099879	-0.09390313	-0.06125886	-0.020991629	0.02370245	0.05538628	0.044139218	-0.042604882	-0.0579316	-0.08348401	0.030270318	-0.040088516	0.018878188	-0.065213084	-0.066118844	-0.020736272	-0.02340484	-0.022860814	-0.01030039	-0.026759442	-0.015841706	0.09933951	-0.09648237	-0.09245068	0.049722876	0.061225843	0.15567583	0.039643243	-0.015331411	-0.12538956
-0.15494844	-0.013308632	0.06072183	-0.067751534	0.014506996	-0.01894207	0.074687675	0.06826119	-0.124291696	-0.046940688	-0.012800556	-0.06901066	0.004803753	-0.055595774	-0.008375223	0.08377625	-0.15545078	-0.045951094	0.009462025	-0.08366187	0.050079618	0.060753968	0.013358815	0.09660003	0.13369764	-0.14254338	-0.040051993	0.13349105	-0.03604868	-0.12392312	-0.049075782	0.064448774	-0.058014136	0.05476846	-0.053675983	-0.10824293	-0.041838624	-0.04669574	0.13243368	-0.006035159	0.069719255	0.24324809	-0.039949715	-0.01997062	0.005763905	-0.11798089	0.10795902	-0.05012012	-0.022386314	-0.06266462	-0.08176197	-0.07283984	0.05121382	-0.059354685	0.020731656	0.022123316	-0.0967278	0.043456133	-0.055571362	0.080707885	0.04212629	0.007062079	0.053982995	-0.06469507
0.027483989	0.21048494	0.39869308	0.11117239	0.2448184	0.13032696	-0.018352801	-0.121842116	0.054036368	0.31515625	0.1305708	0.14211981	-0.32606584	0.13997862	0.20301642	-0.14402692	-0.2952734	-0.00829605	0.16757952	0.26638144	-0.10040046	0.20416506	0.091631584	-0.06605923	-0.09453304	0.048881683	0.2681533	0.51119787	0.058384113	-0.29712865	0.053480465	-0.20641111	-0.39723867	-0.112911545	0.17823471	0.063474126	0.0918759	0.1437816	-0.051294256	-0.17066339	-0.18098906	0.44208738	0.078905925	0.11548733	-0.06936266	0.04283672	0.017149784	0.17500992	0.24792172	0.09239487	-0.35560298	0.114735894	-0.1284121	-0.17284288	0.24811092	-0.08804429	-0.01595206	0.3570238	-0.23184279	-0.083895884	-0.13717419	-0.22990581	0.07247314	0.10926178
-0.025742685	-0.008383978	0.049166564	-0.020465398	-0.012844026	0.009207547	0.022652153	-0.00971701	0.03813434	-0.04741731	0.01463541	-0.01433786	-0.04796144	-0.031894185	-0.029295493	-0.0291106	0.012759354	0.023417238	-0.003033124	-0.04548956	0.03388777	0.010020055	0.043622125	0.0053771026	0.029234838	-0.030586576	0.016995076	0.049186382	0.012602691	0.044932377	-0.008494426	0.045521524	-0.040554594	0.0036498532	0.009661447	-0.04877901	-0.03519533	-0.026764452	-0.047119617	0.035605434	0.0017984882	0.0036547296	-0.007546615	0.049170386	-0.04448874	-0.036216415	-0.010306943	-0.017341089	-0.04237516	-0.026595904	0.0044093356	0.040197458	0.045506325	0.015833203	-0.027084684	0.019457486	0.02622768	0.020779993	0.0391444	0.004993774	-0.02562964	-0.04371065	-0.043089736	0.018261265
-0.20363998	0.09777696	0.0043281335	0.072817996	0.04956787	0.08432467	-0.09554261	0.05531634	0.007226314	0.07355756	-0.079252206	-0.011560029	-0.021716816	0.03216989	0.047605913	0.067804426	-0.15488681	0.03209914	0.087827295	-0.032239262	0.045027494	0.13759932	0.052533202	0.054074634	-0.015839562	0.02398464	0.031069785	-0.012921436	0.15901428	0.16620445	-0.09470689	-0.0721265	0.0018053144	0.030139785	0.05435477	-0.025385335	-0.0014058724	-0.026068686	-0.054431133	-0.12168857	-0.07570992	-0.083252	-0.0353676	0.07327627	-0.10314949	-0.015397027	-0.026603	0.060262144	0.026132286	0.007877296	-0.13801496	0.12804389	-0.028685996	-0.085119896	0.0089005865	-0.094664656	-0.0345233	0.007772808	0.0495399	0.013700498	0.057372432	0.03373964	0.0075722984	-0.0050262506
-0.19741055	-0.02849324	-0.16773516	-0.049184434	-0.06364068	-0.029025367	0.035326127	0.20050077	-0.09992608	0.02988129	-0.07776654	-0.16999418	0.10640559	-0.0130577395	-0.009979277	0.103904724	-0.027975839	-0.08981184	-0.083384424	-0.10742868	0.085505165	0.12318617	-0.015014111	0.24297056	0.13250643	-0.1362512	-0.06196383	-0.038012963	-0.025424564	0.106580555	-0.22025678	0.07723101	-0.014930215	0.14432545	-0.1137837	-0.095013015	-0.013827518	-0.07640152	0.06291474	-0.00933878	0.10808782	-0.082744405	-0.17083858	-0.09805956	0.042192187	-0.081516095	-0.00067849277	-0.04878619	-0.12349674	-0.03410356	-0.0040481854	-0.015882846	0.07951921	0.046348415	-0.005016138	0.06595742	-0.08580382	-0.12556888	0.072423056	0.16038015	0.16124853	0.07809387	-0.112327784	-0.19780943
-0.3440324	0.21745887	0.34379527	-0.058118116	0.22312807	-0.09593543	0.09500203	-0.02492846	-0.05375054	0.10219397	-0.32705706	0.03139717	-0.24379776	-0.028011706	-0.07199076	-0.12337254	-0.44151974	0.4706656	-0.032729693	0.14541523	0.120500244	0.19923417	-0.111801155	0.011054141	0.20530286	-0.027012773	0.07816608	0.2777314	-0.08520223	0.1810736	-0.18578096	0.08880628	-0.25677723	-0.094691366	0.028492773	-0.18608208	-0.022912316	-0.16454092	0.03998782	0.16857244	-0.16140822	-0.21090534	-0.1632105	-0.10334038	0.012195053	-0.16229694	0.2193874	0.02482288	0.08662283	-0.17857935	-0.35891458	-0.03445711	0.087095715	0.049225055	0.22092564	0.08919698	-0.05077792	0.31386074	0.18925503	0.19906892	0.013607689	-0.06327458	-0.0033101325	-0.15616596
-0.17562632	0.14837089	0.2750948	-0.072819434	0.01665551	-0.13025351	0.04503665	0.020373	-0.041777488	-0.052387588	-0.22511716	0.10082811	-0.14034584	-0.05122755	-0.022072198	-0.08576463	-0.28845635	0.41942868	-0.011619823	0.032045957	0.08823513	-0.030163383	-0.12758438	-0.08356976	0.1434371	-0.05962834	0.0955339	0.3026582	-0.12520681	0.20744564	-0.009956443	0.15141554	-0.040673945	-0.14687127	-0.06389935	-0.21690272	-0.07001361	-0.19259799	0.084344	0.19111139	-0.036891107	-0.13265985	-0.041960817	-0.012662931	0.082038485	-0.17815772	0.13175726	0.022850934	0.044164743	-0.010421128	-0.35275677	-0.044473037	-0.0062012305	0.06646498	0.080900356	0.07906834	-0.13211691	0.2466805	0.018532308	0.054741055	0.021840096	-0.08171982	0.016653303	-0.051326163
-0.3253065	0.16397342	0.27791676	0.00671669	0.1952167	-0.061589938	0.14615287	-0.0068071424	-0.052043054	0.12482927	-0.3606972	0.02878977	-0.24861965	-0.060114257	-0.046891022	-0.15452208	-0.44271082	0.3971961	-0.058989596	0.12246787	0.10244844	0.13184507	-0.07849657	0.038842	0.20510422	-0.027526014	0.15202107	0.21684484	-0.15315504	0.19918846	-0.15145816	0.080899484	-0.28687164	-0.069110826	0.07394936	-0.23717874	-0.08349689	-0.12324395	0.057936106	0.16462564	-0.13833599	-0.18324322	-0.12183327	-0.0010121285	-0.03141767	-0.18748058	0.18316355	0.0084852725	0.07573903	-0.11016782	-0.33760288	0.011421015	0.051933106	0.022954997	0.1815732	0.075536326	-0.06264876	0.30451292	0.16115221	0.1981589	0.021410532	0.0015993497	0.05924175	-0.099370256
-0.3599969	0.119879834	0.30807346	-0.027223587	0.17501193	-0.07514541	0.1426251	0.05600717	-0.121594526	0.12499967	-0.31640178	-0.085684	-0.17832293	-0.14625491	-0.022038084	-0.10521559	-0.33185998	0.40317345	-0.06737995	-0.018842185	0.16785522	0.16955562	-0.17283446	0.046721395	0.22618724	-0.03300462	0.04138265	0.084637046	-0.11394546	0.25095132	-0.21697564	0.1310046	-0.3234986	-0.06882217	-0.051312484	-0.235078	-0.12453992	-0.121664874	0.13636236	0.11375757	-0.075213075	-0.2761476	-0.13358596	-0.09303764	0.07681573	-0.1492708	0.17845076	0.00026777116	0.064316586	-0.15439917	-0.37162268	-0.028098458	0.1083249	0.02371453	0.23671821	0.14749885	-0.104534656	0.3006643	0.20235161	0.19916248	0.1049519	0.045080535	-0.016485037	-0.20671174
-0.39951444	0.22770093	0.40729558	-0.0863449	0.22005056	0.0161722	0.16928956	-0.047488086	-0.10716103	0.25189465	-0.4815397	0.07048231	-0.2691392	-0.08837462	-0.020295413	-0.26828197	-0.42749146	0.5221997	-0.099823706	0.17169487	0.07470051	0.20535624	-0.09544595	-0.05516543	0.2826219	0.049492303	0.25420067	0.47451994	-0.19164103	0.11563934	-0.25832278	0.08495804	-0.40606987	-0.15667614	0.09190452	-0.36411095	-0.035947114	-0.13538381	0.050352186	0.164255	-0.1731984	-0.15772822	-0.20774627	-0.06648024	-0.035933603	-0.29742095	0.31539726	0.15344255	0.21395609	-0.21854822	-0.34551296	-0.02459967	0.0748247	0.0065476354	0.27782968	0.061278597	-0.10591317	0.35237393	0.21308164	0.3350552	-0.04637234	-0.1335437	0.06934611	-0.15831335
-0.27675384	-0.20615469	-0.3195913	-0.20691471	-0.19578278	-0.1367024	0.11891952	0.17455052	-0.14206384	-0.20968844	0.10563144	-0.14345169	0.25742897	-0.084411934	-0.15169697	0.22958869	0.23456523	-0.1528388	-0.18395951	-0.27164552	0.088711575	-0.18866748	-0.09508898	0.13598861	0.08756273	-0.19333974	-0.1521859	-0.1955958	-0.11209523	-0.19569558	-0.12058814	0.15042497	0.04593086	0.23717943	-0.09664082	-0.015859557	-0.08418681	-0.07658531	0.09788401	0.13294797	0.21387203	0.053304493	-0.10130437	-0.14887862	0.2288763	-0.10150235	0.07281189	-0.16271313	-0.2506349	-0.10802061	0.14526236	-0.19396816	0.103979565	0.10538192	-0.18607673	0.1480526	-0.08288626	-0.32888728	0.061383825	0.11448073	0.16715413	0.17627884	-0.11639572	-0.18237105
-0.17239799	0.024001108	0.020983549	0.023345646	-0.043843973	-0.107423775	0.045089863	0.15656726	-0.17252484	-0.02702306	-0.15320042	-0.110124916	-0.013064511	-0.04146129	-0.026889551	0.06846351	-0.09971071	0.07681522	-0.16659798	-0.033893317	0.13479981	0.05140764	-0.057324175	0.19205639	0.14083257	-0.015565029	-0.070000365	0.059988078	-0.0013438714	0.016313596	-0.14796379	0.057412498	0.017845344	0.089273594	-0.108890586	-0.07043492	-0.017580042	-0.03121006	0.01874678	0.06321353	-0.012656322	-0.1258205	-0.15537128	-0.032959726	0.033603497	-0.05921455	-0.009237794	-0.0809123	-0.10264679	-0.14713916	0.06549436	0.05521295	0.12749144	0.07040942	0.005036699	0.119291715	-0.05835976	-0.045215607	0.07504065	0.1731488	0.08293117	0.056923676	-0.05990482	-0.15771912
-0.15046704	-0.22140472	-0.41865686	-0.06680821	-0.1713525	-0.08812502	0.15055233	0.15286174	-0.080550395	-0.19236246	0.06755088	-0.1814822	0.28649354	-0.11636024	-0.18827899	0.2553025	0.3319845	-0.37077698	-0.16715762	-0.24973056	0.067477	-0.16002244	-0.10771868	0.22687702	0.060894035	-0.20575094	-0.23094341	-0.5208275	-0.0887874	-0.17185616	-0.19814715	0.17426941	0.10447932	0.2462928	-0.17340863	-0.007979199	-0.13887602	-0.0628915	0.04049534	0.08788511	0.18406333	0.115903184	-0.11057946	-0.14346354	0.22810106	-0.030308794	0.032748234	-0.16548073	-0.1796872	-0.07160645	0.26060176	-0.1968486	0.17016035	0.16912422	-0.1826078	0.12263158	-0.025778245	-0.29724544	0.07018865	0.13546735	0.16617244	0.17683366	-0.19111036	-0.07872347
-0.3515068	-0.011882055	-0.2789696	-0.13472389	-0.13179195	-0.086727604	0.13139738	0.12542802	-0.10871741	-0.056935005	0.008337168	-0.19013639	0.22145434	-0.09023389	-0.170495	0.14861748	0.11416565	-0.20754677	-0.18499291	-0.24497272	0.031352855	-0.05592767	-0.04181188	0.17558491	0.11351504	-0.1697907	-0.053887017	-0.1508208	0.008077376	-0.0042848783	-0.18945025	0.08037866	-0.14547801	0.16410524	-0.118654765	-0.090448454	-0.12947352	-0.033454314	0.066510916	0.10290783	0.17462952	-0.15409017	-0.0640496	-0.099450216	0.186616	-0.13654278	0.048047524	-0.16716647	-0.1806787	-0.04452883	-0.10001061	-0.046242394	0.045562275	0.079941966	-0.11745878	0.022934169	-0.08179985	-0.2964333	0.061040092	0.110198155	0.16409056	0.17788081	-0.044299286	-0.106746085
-0.39140928	-0.0118441265	-0.04115992	-0.047832396	0.053998806	0.04170426	0.14181364	0.084467776	-0.10015781	0.08999133	-0.015449876	-0.09733175	0.005908534	-0.012989897	0.017753325	0.11584366	-0.052458834	-0.12683365	-0.024492953	-0.0036604682	0.062996656	0.13508657	-0.020616578	0.15085818	0.22729929	-0.12395079	0.059778642	0.05065706	0.0044788434	-0.119103365	-0.13949013	0.030663809	-0.17160954	0.12662396	-0.012687079	-0.11876073	0.0070245652	-0.12406276	0.007801536	0.004564701	0.025654776	0.32210684	-0.11373364	-0.077609465	0.030027565	-0.13448972	0.05419662	-0.054984435	-0.020138584	0.019926757	-0.09089513	-0.08712197	0.02258095	0.00044636714	0.047746442	0.047546525	-0.14529118	-0.1103931	0.014932114	0.24001971	0.1927553	0.021597296	0.059792683	-0.19129123
-0.3923895	-0.073622316	-0.30504704	-0.15593383	-0.09871972	-0.11084829	0.17662649	0.09162426	-0.09176846	-0.082920656	0.023227138	-0.2329887	0.18439889	-0.12251333	-0.16124809	0.1915026	0.11061643	-0.17464826	-0.1209077	-0.20353095	0.054472342	-0.120721765	-0.047892053	0.16977414	0.18465361	-0.11810197	-0.07137028	-0.11067375	-0.088514864	-0.046209715	-0.1422386	0.13310482	-0.067050435	0.23328482	-0.12421317	-0.016341478	-0.09163516	-0.05338971	0.0254662	0.11325081	0.17220715	-0.08360635	-0.086181924	-0.14719398	0.22762553	-0.0612476	0.02515534	-0.16356756	-0.1833039	-0.13561599	-0.011648105	-0.0727812	0.105448335	0.16584568	-0.13000402	0.119121045	-0.101278804	-0.32334718	0.09723502	0.0887713	0.23249635	0.12736417	-0.12885301	-0.13297454
-0.21128365	-0.14254144	-0.3708387	-0.09986182	-0.18884325	-0.11240964	0.14636974	0.21305981	-0.15012161	-0.20606022	0.06440624	-0.22731727	0.2460647	-0.11478959	-0.15202981	0.27909923	0.27855676	-0.3558295	-0.19292629	-0.22818136	0.12393691	-0.21121806	-0.18575507	0.17401558	0.11522877	-0.17910393	-0.18615898	-0.31094658	-0.0523419	-0.22624041	-0.14291689	0.1871553	0.12878715	0.27712044	-0.13825083	-0.07320217	-0.17590517	-0.12455961	0.048997574	0.124915354	0.22682105	0.09338488	-0.13095017	-0.14197676	0.16477366	-0.099239305	0.07498543	-0.19585048	-0.21346016	-0.13829103	0.16894402	-0.17915188	0.1228493	0.13403197	-0.20329453	0.14248998	-0.107856885	-0.32937196	0.099679366	0.10933002	0.16859621	0.23519251	-0.14849843	-0.06785233
-0.29855737	-0.024207735	-0.24667318	-0.07102294	-0.06337711	-0.08260885	0.13091388	0.15647528	-0.08864134	-0.03649999	-0.01905729	-0.13376799	0.17747785	-0.12103911	-0.14975283	0.19195019	0.11824981	-0.16330647	-0.10826144	-0.24080049	0.07039192	-0.029766914	-0.042769123	0.17224987	0.08626363	-0.16063398	-0.10930507	-0.14723189	-0.013635921	-0.035947137	-0.17828888	0.10657236	-0.08071065	0.18340509	-0.1746383	-0.10208893	-0.11908537	-0.09595053	0.025309939	0.043910988	0.10836661	-0.15058137	-0.12274459	-0.11392633	0.11354846	-0.066468164	0.062768936	-0.13396062	-0.17316921	-0.11567138	-0.031540103	-0.06741648	0.10138754	0.05484523	-0.12039523	0.010393754	-0.114478126	-0.2914483	0.13015597	0.10126978	0.20932	0.1038779	-0.080357626	-0.11990025
0.24485213	-0.111807235	0.06851191	-0.098206304	0.00840464	-0.040951766	0.08792388	-0.088456176	0.090259105	-0.14706269	-0.08477843	0.12522262	0.029928645	-0.15692364	-0.06991175	-0.066099145	0.0065721367	-0.061460935	-0.042323556	-0.044250954	-0.17300774	-0.15815191	-0.08077083	-0.1626441	-0.07545731	0.08498636	-0.062254943	0.11942336	-0.09209651	-0.15831311	0.19752233	0.07500101	0.21021587	-0.041591927	-0.06320407	-0.11446722	-0.071361974	-0.013464589	0.18728012	0.07434296	-0.008408572	-0.005258015	0.2496446	-0.016315006	0.019479854	-0.01657088	0.15037869	-0.09423949	-0.01793062	-0.020826563	0.22771458	-0.019288704	0.016648196	0.085711375	-0.00048185865	0.021957476	0.08377734	0.015744355	0.018871127	-0.02387063	-0.10657668	0.052246317	0.054473337	0.05526153
0.23859237	-0.060669504	0.0934956	-0.11148408	-0.01149534	-0.06001355	0.11969529	-0.12042101	-0.004127124	-0.16007318	-0.16453598	0.08975068	0.046584252	-0.14729783	-0.11562726	-0.09023454	-0.04086671	0.0072026867	0.04277457	-0.00569599	-0.06891941	-0.2323612	-0.036297064	-0.07475584	0.015957378	0.025418708	-0.0026162781	0.13786899	-0.023208879	-0.152862	0.09877372	0.10918858	0.17851584	0.036064126	-0.070971765	-0.14043616	-0.062715605	-0.0033544418	0.1554603	0.09379812	0.0390635	-0.011401983	0.14057389	-0.052840117	0.022892289	-0.09599534	0.11476003	-0.025884911	-0.030066594	-0.012741567	0.18513912	-0.03828381	0.103433885	0.037651278	0.06756041	0.026154073	-0.05216234	0.05924393	0.06409157	-0.005721283	-0.12745391	0.05613259	0.069869936	0.027598944
0.18319747	-0.08715483	0.13057561	-0.101073384	-0.044653222	-0.0470955	0.08848976	-0.08237679	0.012670784	-0.1106406	-0.119395435	0.15943658	0.04325278	-0.058076788	-0.09739914	-0.023171216	-0.04403039	0.028500134	0.014642423	0.008328734	-0.06805297	-0.20753998	-0.05084878	-0.09244485	0.06204934	-0.04775203	0.025037518	0.2187597	-0.10719255	-0.16570267	0.08370484	0.076131694	0.23733594	0.041544147	-0.081979714	-0.059663776	-0.06071794	-0.05561541	0.11802403	0.15171403	-0.018076565	0.091382556	0.17820036	0.0012700398	0.0072333766	-0.11911527	0.14864635	-0.0669577	-0.029654017	-0.018751137	0.17022985	-0.10264645	0.08632327	0.05484871	-0.00536897	0.007848949	-0.07240996	0.14014602	-0.026819596	-0.048606712	-0.121256605	0.08829979	0.07168136	-0.009930669
-0.26481202	0.16714752	0.33126667	-0.10184002	0.074826844	-0.15825166	0.116820134	0.070751496	-0.13025363	0.06651935	-0.35353178	0.02765976	-0.2255233	-0.09617941	-0.09772811	-0.14118952	-0.3847245	0.29737222	-0.028409423	0.08478797	0.10164243	0.12752765	-0.08759627	-0.0023613367	0.19927953	-0.042929374	0.10388126	0.2600886	-0.08476269	0.1814482	-0.20281804	0.13895294	-0.25665122	-0.07413315	-0.042122375	-0.17566878	-0.09819374	-0.11837389	0.06174821	0.16022372	-0.10531185	-0.26960304	-0.1543884	-0.04954051	0.0030313742	-0.13053714	0.22238371	-0.0246376	0.06183977	-0.17937838	-0.29482085	-0.076186314	0.048697546	0.02904009	0.22045384	0.16596226	-0.08813973	0.28873995	0.20832855	0.18984358	-0.008105169	0.024688339	-0.026033543	-0.11904252
-0.18729332	-0.041969404	0.06373852	0.17620015	0.024635699	0.19883972	-0.17683546	0.011669447	0.067805424	-0.19214636	0.35708183	-0.059632033	0.20392746	0.22624342	0.021242712	0.0992597	0.0033003415	-0.3943267	0.16256663	0.052453816	-0.010002816	0.18927304	0.105460204	0.03117842	-0.027455626	0.14791556	-0.07724704	-0.11863874	0.24905549	-0.10255527	0.3494299	-0.1620525	0.05347092	0.052115966	0.17653973	0.20733647	0.16497312	0.18564959	-0.0624868	-0.23478283	-0.13068505	0.056141946	0.1265801	0.030394552	-0.15575595	0.21180964	-0.33305642	0.001979357	-0.040891565	0.15489346	0.16443816	0.10952249	-0.2364241	-0.28356034	-0.17789781	-0.10515673	0.038892493	-0.16624892	-0.13995467	0.04289963	-0.071030706	0.04151082	0.22211246	-0.04943967
0.029465584	-0.044527546	-0.031122442	-0.024734098	-0.17625302	0.26220712	-0.057372123	0.118292026	0.123751484	-0.4157993	-0.072380655	-0.10162797	0.10335565	-0.041532878	-0.04333956	0.008538479	0.108771965	-0.26693317	-0.09345222	-0.019426165	-0.18057364	-0.012519096	-0.20632626	-0.08261022	-0.00216132	0.7323187	-0.22367635	-0.05768856	0.12531401	0.08492643	0.2792707	0.10723984	0.14431724	0.04204401	-0.19825953	0.000111251175	-0.14020626	0.26585123	-0.0010045904	0.04318061	0.019457871	-0.5863918	0.17392339	0.15001063	-0.30723512	0.077539586	-0.07916952	-0.1460415	-0.22559154	-0.11165075	0.29345313	0.20801103	-0.063076936	0.24194705	0.08429411	0.11747192	0.5438244	-0.005483187	0.09021544	0.011855483	0.008073574	-0.001876958	-0.009860304	0.085100055
-0.07610076	0.048806213	-0.041978132	-0.011928652	-0.08340137	-0.009371612	0.0023108104	0.08806929	-0.058911428	0.020343607	0.06252439	0.0028237167	0.053559672	0.0678134	0.02246987	0.05289215	0.033204403	-0.09935642	-0.020311778	-0.081043415	0.11258186	-0.06869847	-0.028325215	0.00886099	-0.01674283	-0.052364435	-0.039916966	-0.10763652	-0.09287125	-0.7156364	-0.030528942	0.04322201	0.026896441	-0.01564847	-0.026156384	0.06713454	-0.0149932355	-0.039992813	-0.037207015	0.004587465	0.05670084	0.7648769	-0.07316784	-0.08248651	0.08882607	-0.046988364	-0.062058784	0.026465377	-0.05776404	0.037443597	-0.1407497	-0.07156047	2.7399794e-05	0.035111964	-0.12975587	0.03897584	-0.05329004	0.11601059	-0.08738678	-0.07027622	-0.0012672062	-0.0041435664	-0.064195774	0.06813356
0.04039451	0.0022519715	-0.01934656	0.021279942	0.014170717	0.043605294	0.0009951591	0.043508578	-0.014082037	-0.013733458	0.029625963	-0.004465986	0.038697075	-0.041110408	-0.047005333	0.008741058	-0.046470523	0.04738977	-0.040974677	0.03208928	0.036896456	0.024526421	-0.01794815	-0.0029019117	-0.018865168	-0.017127741	-0.032656334	-0.010051034	-0.02810216	-0.010992147	0.027366009	0.01219802	0.0020289049	-0.03368056	-0.028935624	0.048290636	0.00925808	0.041809287	-0.00924468	-0.04240917	0.04767659	-0.032700136	-0.0041970983	0.000893496	0.020006489	-0.047032606	-0.041841425	0.04909433	0.020404343	0.042029027	0.010954201	0.006839942	-0.018385231	-0.037490867	0.031489495	-0.023319317	0.044728745	0.018316355	0.04185338	0.03595538	0.008433975	0.049391095	8.916855e-05	0.0051518306
-0.12400599	-0.13307163	-0.2767653	-0.114852734	-0.20543611	-0.114112645	0.093273304	0.12797047	-0.07035706	-0.11047648	-0.0522109	-0.15137699	0.20682396	-0.13804682	-0.14441916	0.20328444	0.32077816	-0.28968754	-0.15412718	-0.20846525	0.111641794	-0.11280498	-0.15795517	0.17802663	0.08733622	-0.103535615	-0.10177031	-0.41409963	-0.12583494	-0.14192636	-0.16747099	0.10473326	0.04205864	0.1753716	-0.12167319	-0.052318793	-0.10715866	-0.08207465	0.10180462	0.061767522	0.11876619	0.11589761	-0.15410556	-0.104943156	0.09105207	-0.13612776	0.07898126	-0.15744527	-0.09930309	-0.067326985	0.19259591	-0.09651645	0.13464613	0.18224029	-0.13969092	0.11057518	-0.050441764	-0.18826082	0.14760144	0.13625695	0.11143656	0.16824071	-0.11844772	-0.0672924
-0.1303389	-0.1832744	-0.32330677	-0.14538546	-0.2559872	-0.058932517	0.07504348	0.21168093	-0.11617544	-0.17362173	0.10296356	-0.16523373	0.28631485	-0.10871026	-0.14706802	0.26246095	0.2798605	-0.26312464	-0.20560701	-0.28549343	0.075487465	-0.114141	-0.04678333	0.17913443	0.12461834	-0.22585785	-0.20121324	-0.21873236	-0.069408394	-0.211098	-0.12080487	0.124811	0.11469912	0.18548897	-0.14642933	0.08008062	-0.13465889	-0.018996753	0.032308858	0.06439612	0.22569093	0.04869902	-0.14601016	-0.16670796	0.14051606	-0.011418338	0.0047219372	-0.20720248	-0.20992713	-0.088795066	0.18836582	-0.15808947	0.1661535	0.1589176	-0.2586296	0.105296545	-0.052200403	-0.34464848	0.14773613	0.044724807	0.23190214	0.20575857	-0.19283807	-0.14626653
-0.40477812	-0.015241583	-0.28725955	-0.11584829	-0.11724725	-0.06308096	0.08435822	0.13521345	-0.13383853	-0.09074695	0.015326864	-0.20363082	0.1412124	-0.07473839	-0.12796168	0.12729205	0.07296925	-0.1589621	-0.13135283	-0.15036711	0.033041146	-0.054147474	-0.06244516	0.19499956	0.13922033	-0.17201123	-0.106679894	-0.079500735	-0.045772966	0.00610028	-0.21083659	0.1366276	-0.18114099	0.20715499	-0.086412996	-0.021336133	-0.11522541	-0.0291974	0.03707424	0.020436164	0.16645908	-0.124481484	-0.13912015	-0.11745908	0.19820069	-0.060540803	0.070939586	-0.07750229	-0.11852065	-0.038920544	-0.052247714	-0.09071198	0.032045674	0.11912194	-0.10587745	0.02699354	-0.10651164	-0.2579207	0.12722138	0.09850761	0.19204696	0.11515338	-0.09190001	-0.06839177
-0.19364735	-0.15769015	-0.2992568	-0.11595664	-0.2167379	-0.07480352	0.10449916	0.11227376	-0.096724704	-0.18375741	0.011549675	-0.20752211	0.2439599	-0.09156492	-0.17088692	0.24910644	0.17758273	-0.2847778	-0.19996354	-0.22752391	0.067500375	-0.0989645	-0.08533645	0.1988735	0.092361145	-0.20641652	-0.19836779	-0.25267446	-0.06769525	-0.13522696	-0.19865543	0.1459535	0.052422743	0.18563585	-0.15381941	0.004445279	-0.13577902	-0.075936936	0.010888411	0.1166624	0.18821599	0.103192165	-0.11405601	-0.11245604	0.2044533	-0.0978101	-0.014577397	-0.17232364	-0.20165026	-0.11581106	0.23073761	-0.2070292	0.062280837	0.1362708	-0.13457821	0.12328369	-0.041304782	-0.3003172	0.066455446	0.09397241	0.21107285	0.21148312	-0.19354917	-0.10166201
0.3861857	-0.09087798	0.06186576	-0.20286444	-0.06335546	-0.055027008	0.17002837	-0.1404373	0.15426828	-0.1736405	-0.11426445	0.08706807	0.08274254	-0.2344472	-0.23173417	-0.019774579	0.031288695	-0.06366456	0.020336967	-0.07381033	-0.19253613	-0.23894185	-0.1202857	-0.20532288	0.042248584	0.10373788	-0.115008846	0.10294522	-0.13627987	-0.10357964	0.24241878	0.26310748	0.15311542	0.018524367	-0.17818442	-0.16938895	-0.18486935	-0.016304662	0.33868766	0.2292988	0.03539198	-0.16446011	0.41655052	0.028023133	0.060167834	-0.16142304	0.15627317	-0.06408573	-0.05140276	-0.07959768	0.21617351	-0.059883703	0.09069621	0.19147265	0.0040906467	0.031013118	0.09252574	0.1442858	0.20708045	0.039297	-0.16739382	0.05077267	-0.0057922746	0.06970163
0.080868386	0.032708168	0.22269124	-0.20768513	0.011780626	0.028792318	0.18590172	-0.2753757	0.08353397	-0.08477124	-0.10448066	0.27219534	-0.007797598	-0.11043737	-0.15136005	-0.10544591	-0.092066854	0.1514223	0.16263981	0.10544175	-0.23117186	-0.28923923	-0.009601574	-0.24481086	0.037176944	0.07032167	0.036867037	0.21860507	-0.11688449	-0.16316378	0.20587696	0.030158684	0.07621769	-0.054608725	0.04228193	-0.078894705	-0.122845165	-0.0077938386	0.23282488	0.112842105	-0.08142143	0.10431195	0.33593744	0.023866488	-0.004745515	-0.1717275	0.18983072	-0.02998688	0.04610991	-0.0072386684	0.14060172	-0.09426521	-0.0668962	-0.022262786	0.1603425	-0.097727604	-0.11600839	0.18746297	-0.02273251	0.033388503	-0.15077494	-0.051496085	0.183045	0.07997659
0.25915924	-0.11341658	0.065715574	-0.18307559	-0.037552897	-0.010443473	0.10789848	-0.16780747	0.067777395	-0.21120904	-0.16280049	0.108964734	0.057396647	-0.12140076	-0.11578023	-0.10318912	-0.060772322	-0.03904972	-0.0037852481	-0.0066971253	-0.16169187	-0.23560293	-0.12169418	-0.17458726	0.0170846	0.08943342	-0.051080562	0.16857544	-0.061839838	-0.13816744	0.19614504	0.13992855	0.16006018	-0.0016225602	-0.15100862	-0.14251028	-0.18996899	0.0194638	0.25103322	0.17600998	0.0052419105	-0.07654253	0.30107027	0.07010517	0.031244118	-0.10137627	0.19833705	-0.083672814	0.025905678	-0.09486148	0.29314837	-0.02475564	0.12118158	0.09983055	-0.027791588	-0.04198755	0.03144533	0.076022655	0.119591825	-0.014558255	-0.12489772	0.1049543	0.08522091	0.0019856032
0.12526058	-0.049770903	0.08881438	-0.15384826	-0.0038187013	-0.06608631	0.19892573	-0.17928804	0.06779578	-0.18463446	-0.18470415	0.14291225	0.049577218	-0.15995994	-0.11903464	-0.082079165	-0.18906148	0.14730214	0.100954674	0.033943836	-0.14465	-0.25845653	-0.10991003	-0.14431518	0.058077317	0.00022709617	0.0090744225	0.2919186	-0.07812366	-0.19760263	0.09020847	0.06287595	0.13358903	-0.02855781	0.021937035	-0.15000112	-0.12002253	-0.036755916	0.18099399	0.10411825	-0.04379005	0.15437344	0.20553745	-0.031150611	0.06720732	-0.13518219	0.13964662	-0.0128542045	-0.01060835	-0.046237428	0.16139932	-0.13117585	-0.0071942825	0.07944106	0.021644466	-0.027624883	-0.08797427	0.15677375	-0.044197958	0.035799067	-0.056670647	0.039805297	0.074491285	-0.019830659
-0.24939784	0.22672951	0.4733498	-0.054017417	0.20631282	-0.056633603	0.17193854	0.06730069	-0.12065609	0.14985865	-0.4745574	-0.021251643	-0.35209322	-0.12125565	-0.065701395	-0.2037208	-0.46841717	0.47974917	-0.037706986	0.08614607	0.13017498	0.15602416	-0.13643157	0.033462137	0.18598828	0.08737783	0.044323053	0.38415375	-0.13334405	0.24970612	-0.1869054	0.08979508	-0.37629962	-0.06644606	-0.014476963	-0.2603356	-0.05037408	-0.082307674	0.083296746	0.21870808	-0.21084926	-0.31273958	-0.063229375	-0.0029699043	0.06309731	-0.21120581	0.19032465	0.06464559	0.10848006	-0.19195397	-0.25238073	0.008296228	0.117289476	0.08521054	0.24754551	0.16629422	0.066431426	0.40356275	0.23214802	0.16176654	-0.011299532	-0.03397033	0.030704817	-0.14503303
-0.1870929	0.16514964	0.40323848	-0.03466175	0.063702546	-0.15956263	0.11037931	0.09180688	-0.10145152	0.11397638	-0.27702639	-0.06821827	-0.23243979	-0.091430336	-0.13410528	-0.19815187	-0.39783067	0.3919371	-0.14471145	0.016598599	0.084965974	0.14673701	-0.17158456	0.011416729	0.1458598	0.01292685	0.03049878	0.21749905	-0.06886533	0.32139665	-0.17572951	0.11612275	-0.23364922	-0.09303602	-0.092431135	-0.17580238	-0.103545375	-0.12404312	0.044107858	0.13748787	-0.14103863	-0.31730017	-0.120515	-0.08891523	0.034026228	-0.1335034	0.15803331	0.07547038	0.102507226	-0.18093574	-0.21757007	0.011440924	0.082356445	0.048174724	0.149386	0.111305475	0.021217356	0.2631855	0.17517395	0.19504127	0.03832952	-0.010705887	-0.032813307	-0.14496326
-0.34333977	0.08058999	0.43213338	-0.11185402	-0.005912129	-0.08518153	0.052904848	0.11214698	-0.102546886	0.1469558	-0.13001212	-0.10617203	-0.31318623	-0.14032488	-0.014861797	-0.11825273	-0.32696688	0.17754404	-0.15164402	-0.090560324	0.07270109	-0.13123807	-0.09270663	-0.020477295	0.12844998	0.08551341	0.2057518	-0.022665532	-0.049451407	0.3546119	-0.15083723	0.085296	-0.26845506	-0.15963444	-0.1083776	-0.20369798	-0.12994777	-0.11331508	0.042283606	0.13620235	-0.09702891	-0.19879825	-0.043596577	-0.06325613	0.1013973	-0.13957635	0.14101264	0.038669784	0.24660526	-0.14382899	-0.31352437	0.047929835	0.028593803	-0.0023454698	-0.031602386	0.10998708	0.000958843	0.20383835	0.07560665	0.14044966	0.15867625	-0.0009730474	0.0036989592	-0.2626978
0.03319608	0.0647278	0.07904486	0.02368712	0.080487944	0.074493304	-0.02950337	-0.050729472	0.05361596	0.06576304	0.06611914	0.039213296	-0.07644697	0.0906467	0.024927767	-0.06335348	0.017425971	-0.066503555	0.01929207	0.05950857	0.014256839	0.046967175	0.023737041	-0.07554404	-0.04515976	0.044561338	0.019837813	-0.019865263	0.02128921	0.017837467	0.07611453	-0.029869018	0.09780474	-0.05460885	0.091393866	0.038907196	0.06753452	0.034064528	-0.06599182	-0.03669919	-0.057930525	-0.015522509	0.037285328	0.0064042816	-0.006074679	0.0023924366	-0.08812032	0.00940115	0.00890858	0.032204155	-0.10406771	0.0874861	-0.08487453	-0.08212605	0.03472995	-0.031489547	0.06287807	0.11913172	0.0028053403	-0.055824373	-0.06519678	-0.05633458	0.03757634	0.068383135
0.20930785	0.08881983	-0.18766977	0.08908953	-0.21380123	0.092684716	-0.24933739	0.03158005	0.15060608	-0.28555402	0.38671228	0.06980085	0.2733366	0.15233415	0.14708304	0.13042386	0.18288782	-0.070602	0.18728404	-0.1761173	-0.10927383	-0.34306535	-0.009487392	-0.27055126	-0.28895298	0.22820987	-0.018905833	-0.032248095	-0.031705268	0.10068937	0.18003754	0.11394931	0.4854159	0.0029368654	0.04473018	0.07761612	-0.13050254	0.08647198	0.14104475	-0.15092456	0.097474344	0.17556658	0.15268902	-0.116506845	-0.016604308	0.11026245	-0.55079144	-0.050759763	-0.10060426	0.28375426	-0.1556074	0.10926516	-0.17620644	-0.08076187	-0.10324478	0.0097225215	-0.049227968	0.0063729323	-0.21193844	-0.36749336	-0.057383798	-0.08230654	-0.054601375	0.38911358
0.005905412	0.021546531	-0.039859213	0.04254562	0.0026171207	0.025731172	0.03950235	-0.048401665	-0.043893386	-0.03244988	-0.025174892	-0.011376906	-0.024387872	0.008453596	0.040396895	-0.0003959313	0.006409455	0.0041056164	-0.013222039	-0.019855797	0.011346091	0.0181618	-0.03411839	0.0060563795	0.007977784	0.0435496	0.0037897937	-0.030947924	0.026119318	-0.00852152	-0.025969386	-0.017366897	-0.0015221946	-0.02496965	-0.009878039	-0.04064902	0.0034494624	0.038974676	0.01908851	0.024406943	0.028870787	0.011636175	0.039416883	0.046160255	0.0014130361	0.0032249317	0.032496158	-0.016656268	0.025750909	0.013869669	-0.0046360604	-0.024645543	0.0048162453	0.01441009	0.006656207	0.0324541	0.03140596	0.034145642	0.00878676	-0.0027104244	0.0066306107	-0.01956898	-0.022606015	0.026824567
-0.03549666	-0.20314313	-0.29253334	-0.114881866	-0.15100215	-0.11138458	0.034142464	0.14404637	-0.05501306	-0.09443309	0.05468169	-0.1100996	0.11259626	-0.09921683	-0.069970965	0.11797882	0.2644903	-0.25916895	-0.16815606	-0.13541064	0.04629562	-0.068763174	-0.049183615	0.15053554	0.072143994	-0.10691964	-0.097999886	-0.27624345	-0.07792875	-0.14511466	-0.15421386	0.055875644	0.1000869	0.14960392	-0.09741978	-0.013648517	-0.13342883	-0.034173295	0.044272248	-0.011573458	0.17401502	0.12105463	-0.10628945	-0.07185719	0.076563396	-0.042554602	0.06345428	-0.14023294	-0.09010661	-0.091850586	0.19669686	-0.09595617	0.0742305	0.0801004	-0.2222413	0.09527699	-0.011975494	-0.2502376	0.047145087	0.01678252	0.123582944	0.13541052	-0.0954988	-0.1122527
-0.34699556	-0.0110228555	-0.18355994	-0.12754996	-0.044272404	-0.041010678	0.11242245	0.13364743	-0.15062061	-0.063879944	-0.002101063	-0.15305491	0.18947603	-0.10149157	-0.110486835	0.1513812	0.06409544	-0.086353034	-0.116143666	-0.1800729	0.051604517	-0.037072584	-0.055535816	0.23593824	0.15061772	-0.21957959	-0.037926555	-0.10142459	-0.010369535	0.0037265734	-0.13986047	0.034325067	-0.114526585	0.20382102	-0.13801622	0.015066875	-0.105865076	-0.065957054	0.0563226	0.08046221	0.16534023	-0.2021956	-0.095177084	-0.18096393	0.17323478	-0.11040773	0.04284261	-0.0934601	-0.12756793	-0.10109957	-0.17398311	-0.10372775	0.090047374	0.09939529	-0.10958464	0.04474634	-0.08586569	-0.22707231	0.15432608	0.08563784	0.25240993	0.12303529	-0.07093748	-0.14649816
-0.3060641	-0.09278848	-0.31693965	-0.081213616	-0.13887075	-0.055013485	0.12459138	0.19491063	-0.13449955	-0.09156188	0.106865786	-0.29883853	0.16285491	-0.042465914	-0.16889499	0.1964954	0.11552821	-0.24532397	-0.17451572	-0.2582337	0.05104163	-0.072329	-0.08002958	0.2760825	0.16028903	-0.20955442	-0.14946315	-0.2318984	0.054926958	-0.23160727	-0.24879421	0.06361082	-0.049220823	0.2697763	-0.19251607	-0.018547172	-0.0365956	0.0110562695	-0.019740768	0.048533257	0.2560754	0.04732469	-0.135107	-0.12416368	0.21365821	-0.037520353	-0.051528763	-0.17403008	-0.25115973	-0.052002475	0.11462688	-0.12649924	0.06811906	0.115269646	-0.102729045	0.05696494	-0.16388382	-0.24404663	0.046379715	0.14345586	0.31742427	0.22460115	-0.09262408	-0.13501476
-0.056188162	-0.16015112	-0.209917	-0.055539552	-0.091685034	-0.08478658	0.10852628	0.122832514	-0.025281698	-0.13382527	0.017111631	-0.13987239	0.08838337	-0.0740707	-0.11086677	0.1102849	0.2836014	-0.17013548	-0.08846384	-0.08033338	0.051535625	-0.020592012	-0.094931856	0.14794976	0.047445256	-0.13088955	-0.07029057	-0.3145203	-0.06817071	-0.12048586	-0.12477455	0.048593808	0.11530425	0.11836589	-0.0910406	-0.009016	-0.07141722	-0.0902276	0.04082199	0.057209518	0.11109281	0.055672593	-0.05106598	-0.09923513	0.055645157	-0.08246871	-0.0071175895	-0.10284452	-0.14011784	-0.09298368	0.21298361	-0.08997308	0.121388964	0.110433094	-0.16291742	0.07376726	-0.011683738	-0.20405696	0.09929603	0.024299746	0.13616933	0.08815352	-0.15714262	-0.09141108
-0.09273418	-0.05756294	-0.12418715	-0.07310848	-0.104128584	-0.095458254	0.10085946	0.117217526	-0.11517513	-0.0754083	-0.0027199867	-0.13092528	0.16039048	-0.10505962	-0.12727162	0.14705338	0.2226852	-0.23515809	-0.05085545	-0.14289518	0.06719404	-0.06991926	-0.08282382	0.110777214	0.023270255	-0.0542659	-0.13429053	-0.2317324	-0.033169515	-0.0643301	-0.13492203	0.10185359	0.12381312	0.07755271	-0.10539392	-0.021109315	-0.119057015	-0.121554464	0.08528212	0.018290777	0.14531086	0.051169954	-0.12160308	-0.055753753	0.07836162	-0.027530244	0.07952736	-0.11567081	-0.121194206	-0.12378534	0.12860242	-0.09884843	0.07544286	0.11910893	-0.13675271	0.12345143	-0.03462528	-0.116610765	0.097499214	0.06873442	0.09014115	0.13275763	-0.14390972	-0.06998594
-0.39276695	-0.06639073	-0.26777148	-0.06347151	-0.11279486	-0.043347735	0.10816001	0.12125289	-0.12561062	-0.024383787	0.071362406	-0.23007065	0.20528519	0.0069299936	-0.13058658	0.13573201	0.11897905	-0.16384909	-0.092223056	-0.21860693	0.047301035	0.0024643876	-0.041762926	0.19397491	0.15211196	-0.16316128	-0.074457735	-0.116511084	-0.038249597	-0.105604574	-0.14249514	0.10532485	-0.05767014	0.1420722	-0.1432448	-0.07509458	-0.042223714	-0.020954564	-0.0014800571	0.037832	0.17936116	0.030976342	-0.16990817	-0.072743505	0.12186001	-0.04599906	-0.00028132304	-0.15365742	-0.11604529	-0.077211045	0.05814658	-0.119845904	0.052711714	0.05707427	-0.13571161	0.06620642	-0.1460022	-0.30938303	0.01104642	0.059771545	0.24082635	0.09764214	-0.112377435	-0.14916347
-0.094788976	0.072584994	0.2166826	-0.17398585	0.043640375	-0.014216595	0.18910836	-0.15272601	-0.0015843599	-0.0076786205	-0.1890364	0.12900111	-0.038973246	-0.15797473	-0.21593891	-0.15594645	-0.20197202	0.16556047	0.045785327	0.08629675	0.009879177	-0.14164373	-0.07018158	-0.09669063	0.25056425	-0.0037978883	0.106455155	0.29054558	-0.1937926	0.003935098	-0.036946326	0.17634009	-0.07356557	-0.10151731	0.0630609	-0.21366328	-0.06197157	-0.15387867	0.14861594	0.25389534	-0.12978797	-0.058368027	0.14969188	-0.12415486	0.13599752	-0.1571302	0.26593164	-0.009435396	0.084661305	-0.15425198	-0.080595575	-0.13179512	-0.06689195	-0.013871279	0.10333724	-0.02819525	-0.14337784	0.2014955	0.057047535	0.18251486	-0.1334622	-0.0389228	0.062449746	-0.112564005
-0.34415025	0.3357759	0.3013478	-0.010686943	0.22297747	-0.2162531	0.21346286	-0.1786603	-0.10568151	0.25435206	-0.38595763	0.21346602	-0.33012196	-0.12223982	0.11095662	-0.34274337	-0.36179313	0.3645413	-0.019467684	0.19635591	0.24615844	0.27677384	-0.34826916	-0.1140894	0.28110266	0.09902079	0.27046913	0.27895093	-0.17272449	0.27027526	-0.31845567	0.15980065	-0.33448765	-0.21567307	0.1934018	-0.24858637	0.035189044	-0.21052828	0.13524854	0.2800271	-0.25171936	-0.26938397	-0.214358	-0.055182025	0.015706675	-0.2720148	0.21257652	0.19611941	0.2994397	-0.34899652	-0.35405484	0.017433751	-0.08023404	0.0026950447	0.34087804	0.29266626	-0.23959993	0.3441693	0.2739378	0.2686209	-0.17837898	-0.1608087	0.16371877	-0.2722717
-0.15685697	0.13908947	0.2240754	-0.09696604	0.14251907	-0.042275675	0.116194874	-0.0493196	-0.026028946	0.119448595	-0.2934386	0.04094299	-0.18109675	-0.117638156	0.0065122903	-0.15307698	-0.33692664	0.3792526	-0.017095154	0.14679	0.037497282	0.06697335	-0.084147826	-0.014612952	0.24660039	0.06835341	0.111542955	0.26427183	-0.07958343	0.20420815	-0.09784152	0.041559238	-0.17941034	-0.13492416	0.06297957	-0.18578555	-0.05490315	-0.13854055	0.12257859	0.17230971	-0.07736314	-0.090260126	-0.09232687	-0.03607695	-0.00013638177	-0.14593327	0.28183764	0.073179744	0.06619874	-0.18698671	-0.18048069	-0.039093222	0.06033639	0.0349422	0.17836066	0.06620592	0.015996344	0.24190362	0.21625553	0.23285355	0.0053551984	0.009752613	0.056401007	-0.12003876
-0.14560136	0.09270891	0.25883046	-0.1622198	0.025117999	-0.14795747	0.22736146	0.0009819005	-0.1415554	-0.008804251	-0.39651954	0.00026155188	-0.20532069	-0.2157549	-0.17148289	-0.11817049	-0.4392195	0.35162795	-0.110697314	0.025674995	0.17597479	-0.059790924	-0.2019862	0.03908485	0.24514708	-0.053662818	0.038223095	0.38195044	-0.20107597	0.24153106	-0.15087494	0.13478087	-0.2148852	0.014864548	-0.029183539	-0.3300105	-0.1859765	-0.16088448	0.17372978	0.24132375	-0.027619645	-0.26173687	-0.1293618	-0.08730601	0.065865636	-0.2312996	0.29550073	-0.056997683	-0.029162811	-0.2407693	-0.10650026	-0.12408045	0.11640519	0.095120214	0.087504536	0.12454231	-0.032127313	0.24554567	0.2024946	0.25001955	-0.0041458285	0.054608345	-0.03957214	-0.16706231
0.18120964	0.0970109	0.10713241	0.27319893	0.09543451	0.25615582	-0.25573346	-0.044071678	0.13275538	0.1970555	0.303603	0.075924315	-0.09915981	0.29555652	0.24268138	-0.02001831	0.11513183	-0.108941995	0.17165866	0.14498526	-0.3160494	0.13283108	0.20420659	-0.16960998	-0.21722274	0.13981903	0.16107273	-0.09187241	0.19393496	-0.07571763	0.18516494	-0.18728428	0.015685339	-0.16929668	0.16400874	0.344161	0.17352878	0.21042356	-0.24624011	-0.27742895	-0.1036458	0.1527818	0.13238543	0.12062472	-0.2593625	0.2205014	-0.3061841	0.22517952	0.11666263	0.30147594	-0.20513631	0.1312412	-0.22581527	-0.14153372	0.107967965	-0.24762285	0.10391086	0.027652094	-0.26136622	-0.2286146	-0.22020963	-0.2462263	0.15301071	0.36405808
0.10216727	0.082103305	0.08159148	0.25754914	0.11709713	0.19048116	-0.23187713	-0.06036248	0.16475342	0.13693193	0.28136268	0.060253225	-0.059025005	0.27713755	0.18939318	-0.0541791	0.13992837	-0.16971934	0.1880518	0.16697995	-0.22978872	0.15956666	0.1511576	-0.20583652	-0.1370258	0.09199232	0.16777489	-0.07139567	0.14655402	0.021210382	0.21593454	-0.1643189	-0.01878121	-0.14952737	0.17438999	0.2988337	0.24849431	0.2158901	-0.16421834	-0.2633612	-0.1788514	0.119504824	0.1835425	0.17901874	-0.21692957	0.2543266	-0.36578834	0.1505666	0.1634481	0.23545387	-0.29024345	0.12105113	-0.26837084	-0.16747981	0.03573258	-0.21168296	0.05842203	0.07385958	-0.25109074	-0.15369874	-0.2514261	-0.24824946	0.18088906	0.37954882
-0.027960751	0.14623879	0.076521955	0.10263231	0.08630146	0.07211727	-0.092671834	-0.08339381	0.11127129	0.034795057	0.1937128	0.07300121	-0.05285947	0.091697365	0.11634967	-0.050736133	0.10522881	-0.23723935	0.12560971	0.0768766	-0.05179553	0.09684766	0.049482904	-0.035442263	-0.13277955	0.039480276	0.053578045	-0.14526545	0.06593638	-0.0039007538	0.08078195	-0.124284506	0.12838547	-0.08209529	0.07761282	0.08303093	0.0657557	0.05494501	-0.11329832	-0.08210739	-0.031057278	0.0067912703	0.080261774	0.110880636	-0.07031711	0.050755814	-0.12621601	0.037496366	0.042161193	0.047949787	-0.1541831	0.101168714	-0.07764162	-0.13790831	0.015681168	-0.11264404	0.033189647	0.06714501	-0.15434946	-0.07272274	-0.016300516	-0.06865013	0.12388039	0.11465741
-0.002725806	0.13700545	-0.004465921	0.104034364	0.04481666	0.12182765	-0.07779519	0.031847253	0.06101781	0.062720016	0.20834434	0.05712317	-0.0052133235	0.06537684	0.10556879	-0.02151378	0.14015377	-0.22047192	0.0011495808	-0.0067798607	-0.025299698	0.08000153	0.08150399	-0.005915234	-0.07015466	0.095795415	0.05246174	-0.17466985	0.06922609	0.07229727	0.058090527	-0.07157721	0.0850195	-0.02255966	0.11693854	0.10198397	0.058739677	0.11816126	-0.099828325	-0.12918028	-0.04342727	-0.024107957	-0.0023439664	0.007776784	-0.055554047	0.1115539	-0.1522183	0.017911447	0.012131921	0.08212931	-0.08150834	0.10055437	-0.11029766	-0.10982856	0.040755298	-0.06024538	0.06857835	0.039466426	-0.14854373	-0.09235086	-0.009716736	-0.07474865	0.06995825	0.062544145
0.009004188	0.06741234	-0.17510116	0.06481382	-0.0011831181	0.11816584	-0.11952971	0.116171084	0.009075623	-0.042850256	0.13967548	-0.057687044	-0.022472683	0.08265605	0.11831377	-0.012337605	0.20365436	-0.21971337	-0.04192079	-0.037426885	0.035883255	0.085953064	0.06793454	0.009514337	-0.12844785	0.05744464	0.06562135	-0.20648912	0.19409531	0.03460225	0.118403904	-0.079737715	0.17931576	-0.025841445	0.11442039	0.14484954	0.08776233	0.09140355	-0.08528586	-0.119606584	0.07509309	-0.08858713	-0.017438084	0.00076311827	-0.08418015	0.13978449	-0.24756892	0.0069911773	-0.0077596586	0.0852093	-0.06476883	0.09970964	-0.028643273	-0.028131142	-0.08171898	0.06474196	0.08510478	-0.042344343	-0.13858788	-0.05940289	-0.0016518853	-0.07290306	0.023991484	0.04560837
0.08974648	0.20257212	0.08500213	0.15066937	0.19650753	0.18651044	-0.19722259	-0.09589539	0.1733998	0.024704667	0.2178968	0.14537105	-0.024064096	0.22892585	0.1326364	-0.12014536	0.29314426	-0.30746013	0.21091667	0.085378066	-0.118083514	0.17309831	0.21756296	-0.11186507	-0.10889454	0.1862059	0.1352151	-0.13971761	0.17718267	0.020077921	0.25736925	-0.095487446	0.42439184	-0.1433921	0.16210346	0.14522786	0.15653856	0.15077113	-0.11307951	-0.22606081	-0.17477037	0.032022	0.11973439	0.12658003	-0.15496936	0.19918625	-0.23434146	0.13162024	0.15087904	0.14438616	-0.18786725	0.1688698	-0.14088112	-0.23575312	0.025447972	-0.22020447	0.113272235	0.072989635	-0.19764754	-0.14222322	-0.1749948	-0.10192184	0.23025164	0.17797676
0.34826604	-0.045145284	-0.0125416415	-0.11237601	-0.0992558	0.037498165	-0.0014109552	0.031293415	0.12354057	-0.3573843	-0.15173891	0.10708519	-0.07922777	-0.11894524	-0.11761274	-0.11400831	0.13040298	-0.15629075	-0.059069693	0.08169815	-0.21226503	-0.14151153	-0.15549001	-0.27079237	-0.061477154	0.45648912	-0.16904561	-0.05097644	-0.024043199	0.25983557	0.33756655	0.16448767	0.23999684	-0.19751485	-0.11740462	-0.04139488	-0.15185182	0.104975626	0.07169532	0.09670123	-0.08018775	-0.47752962	0.24337141	0.075224794	-0.20748837	-0.03550264	0.034712456	-0.107944794	-0.1470941	-0.10503475	0.31232098	0.085313454	0.0948601	0.18491267	0.1634021	0.14122956	0.5720506	0.16528285	0.13557604	-0.027428191	-0.18791394	0.020398285	-0.043479342	0.16710626
0.09839175	0.06590005	-0.021432426	-0.064840674	-0.181716	0.13825572	-0.021219188	0.1296806	0.19953984	-0.38148847	-0.15355054	-0.03646617	0.03345727	-0.075639345	-0.03878734	-0.033041004	0.07466299	-0.1951239	-0.021007093	0.014324335	-0.11907863	-0.05697446	-0.20255452	-0.22489119	-0.004365814	0.7398693	-0.16429505	0.02208837	0.12550473	0.16168949	0.48056975	0.20082712	0.23143305	-0.115286835	-0.13618274	-0.019267023	-0.15797126	0.27931026	0.065743975	0.027289918	-0.11504006	-0.69043523	0.20634218	0.12632892	-0.33700272	0.025080597	-0.008899508	-0.09851893	-0.29923564	-0.11807415	0.2809419	0.13629769	-0.12585483	0.16385843	0.1282561	0.2235046	0.5349857	0.08019308	-0.021436203	-0.0011479425	-0.09854941	-0.11389402	-0.030720927	0.14339328
0.3060769	-0.04527318	-0.025208846	-0.13179123	-0.14525774	0.011494807	-0.017956646	0.021438863	0.20512675	-0.30619374	-0.103595205	0.05224909	-0.025128499	-0.115073524	-0.10522192	-0.13967822	0.13054158	-0.16471805	-0.054432243	0.068848945	-0.27802855	-0.14433812	-0.11702142	-0.2229614	-0.122913875	0.57114285	-0.1669115	-0.16144952	0.030648606	0.32747564	0.36714894	0.15141636	0.23670228	-0.09573273	-0.1277678	-0.019549793	-0.14313982	0.14511731	0.03886694	0.06257225	-0.053594455	-0.5498661	0.28002152	0.19632365	-0.27567986	0.041780747	0.024537448	-0.022535961	-0.1395619	-0.082122624	0.23950192	0.16177955	0.028318323	0.22281905	0.16580772	0.043498248	0.6106656	0.03774529	0.096370324	-0.09887976	-0.118948	0.100838326	-0.09785937	0.16384052
-0.21886075	0.25052243	0.4091424	0.16463828	0.33116493	0.20419544	-0.10246357	-0.2484834	0.04039607	0.32871273	0.003783275	0.30303335	-0.31950888	0.18234935	0.2523313	-0.16961463	-0.27415934	0.0914866	0.2138225	0.32259977	-0.1308802	0.23120877	0.1948571	-0.11807679	0.010500048	0.050453737	0.23476215	0.39798436	0.11304844	-0.17819414	0.028069407	-0.24995245	-0.32605803	-0.13331401	0.14576708	0.040682223	0.11272163	0.13943328	-0.14056493	-0.13309999	-0.19354542	0.28186417	-0.030698942	0.16750826	-0.1689903	-0.005056169	0.019978696	0.25023127	0.29041356	0.0857907	-0.29202735	0.071511306	-0.12106135	-0.20214137	0.24172904	-0.108340584	-0.07589524	0.29295543	-0.12238254	-0.017594151	-0.23705672	-0.26853946	0.15882587	0.014756133
-0.2712331	0.12931299	0.3612923	0.103429	0.30026457	0.043423958	0.018050864	-0.11780129	-0.06591273	0.348487	-0.11817793	0.14692312	-0.28212386	0.04183928	0.20670931	-0.018538669	-0.29987597	0.21597943	0.08785117	0.22909442	0.13929573	0.18286152	-0.04336683	0.003985801	0.12652	-0.17065702	0.2012136	0.38785934	-0.064258225	-0.24919744	-0.17686114	-0.12396123	-0.4616771	0.08839828	0.13185622	-0.078398794	0.019412376	-0.08517228	-0.025230763	0.04894424	-0.15441062	0.35781974	-0.25931132	-0.028048627	0.015565107	-0.08363889	0.06591405	0.10651852	0.17171842	-0.047472823	-0.27868688	-0.112123966	-0.024589648	-0.037621718	0.22771251	0.05885628	-0.26351678	0.24412401	-0.07416547	0.20022786	-0.036133267	-0.20597875	-0.013019405	-0.1390659
-0.29671738	0.0599853	0.2721353	0.0314372	0.21506318	-0.10981988	0.1226093	-0.03906294	-0.19626771	0.2808429	-0.0998035	0.17099681	-0.26310334	-0.08620176	0.07357613	-0.027663779	-0.3075425	0.25757623	0.045961436	0.16727664	0.123048544	0.1434236	-0.091571964	0.079369694	0.23671067	-0.21376735	0.1414632	0.23780353	-0.16664638	-0.21762885	-0.15007187	-0.05839018	-0.4250883	0.06414738	0.069084354	-0.20429185	0.0051213307	-0.17337826	0.12915146	0.11972114	-0.12843446	0.341526	-0.22506735	-0.10690353	0.091947794	-0.17087013	0.13012423	0.020124752	0.15489917	-0.11678721	-0.41260064	-0.064598896	-0.04499784	-0.066484116	0.13798165	0.12227857	-0.27896604	0.26116708	-0.051072236	0.22225426	0.014719306	-0.1195371	0.07285156	-0.19710258
-0.27545592	0.14315473	0.39047316	0.02077612	0.2385619	0.050544165	0.11500253	-0.055881497	-0.15449241	0.2932154	0.095967	0.1159955	-0.20019421	-0.07805011	0.019617604	0.015880119	-0.2355647	0.17193039	-0.001555591	0.2199153	0.11490226	0.19136055	-0.09447938	0.019761305	0.20014283	-0.1743392	0.20722407	0.24470866	-0.12504008	-0.22544093	-0.14010605	-0.049578283	-0.4734972	0.10386659	0.05286742	-0.1876834	0.0646748	-0.05159758	0.16686563	0.07072332	-0.072122015	0.41010478	-0.17701064	-0.08143863	0.06775583	-0.18214515	0.122367784	-0.005385265	0.09950737	-0.03781862	-0.24789894	-0.110604964	-0.018966137	-0.048011173	0.20288855	0.10067898	-0.18367182	0.1503768	-0.093481414	0.16352059	0.0020179246	-0.060430814	-0.0071583954	-0.18836083
-0.29824537	0.12507747	0.24950628	0.04181055	0.21201572	-0.00916869	0.09508614	-0.14398327	-0.1607104	0.19745949	-0.041373722	0.09660198	-0.19012308	-0.014482815	0.23546706	0.04493298	-0.26978147	0.14982527	0.19027184	0.22324555	0.1377023	0.27216107	-0.03926108	0.056148	0.19784023	-0.15440945	0.13406618	0.2422131	-0.12924224	-0.26718396	-0.10149025	-0.1875072	-0.3776331	0.046269752	0.16235603	-0.13669008	0.079633296	-0.17746921	0.21559241	0.086026505	-0.1656111	0.397682	-0.21484865	-0.07094802	-0.02821399	-0.11759078	0.15224135	0.14348103	0.1506428	-0.026378943	-0.25656137	-0.093345985	-0.1088878	-0.22897217	0.17881109	0.12450645	-0.22367805	0.21861224	-0.025935233	0.23594059	-0.089541934	-0.2190829	0.17203665	-0.2867978
0.03729638	0.08321107	0.096800484	0.034873825	0.14640003	0.092282824	0.047371164	-0.029067738	0.02990718	0.18526277	0.02240404	0.09630855	-0.16383678	-0.015609551	0.11238862	-0.030078243	-0.12397466	0.05395652	0.0732716	0.11392446	-0.050646413	0.08150213	0.078748	-0.04551107	0.0138297	0.0013018559	0.13071288	0.056950767	-0.008915003	-0.07335558	-0.02568306	-0.05704002	-0.26277402	-0.0015632026	0.03421561	-0.042121276	-0.017605182	0.026727436	-0.006715501	-0.008344487	-0.012764865	0.13692045	-0.037859134	0.07654478	-0.014690235	-0.050971296	0.0065003685	0.06027805	0.1246461	0.08989595	-0.2103242	0.045041583	-0.04130294	-0.049161855	0.0772257	0.024131808	-0.03704456	0.23360269	-0.058781955	-0.05434188	-0.020960756	-0.103126116	0.04859184	0.014807086
0.020980366	0.069543056	0.17794129	0.054557372	0.13453783	-0.00076308305	0.094358824	-0.024706177	-0.0810284	0.21628836	-0.09461333	0.013728141	-0.15281382	-0.016759356	0.064114645	-0.08217656	-0.27852783	0.2698558	0.009784622	0.074736156	0.038843285	0.031710893	0.02108111	-0.0665655	0.0846918	-0.09229452	0.058048714	0.06466106	-0.075363345	-0.07886415	-0.12885429	-0.006865629	-0.26329267	0.021215416	-0.051473435	-0.08985443	-0.010725481	-0.12011218	-0.024755469	0.01683713	-0.027503317	0.13959242	-0.11498207	-0.034179512	0.06552093	-0.1192981	0.13359904	0.027244879	0.06875404	-0.034029383	-0.20616011	-0.10609062	0.096513584	0.028039265	0.08779574	0.03035162	-0.10467904	0.2800229	-0.049268868	0.06417495	0.03838751	-0.11567851	-0.040265244	-0.062076636
0.06654241	0.00015946629	0.066713	-0.08169989	-0.02007739	-0.12944281	0.18372679	0.09481838	-0.13074291	0.20724776	-0.19230469	-0.024527662	-0.15456562	-0.121754006	0.035283875	-0.004170974	-0.2699757	0.3278912	-0.096650355	-0.07852851	0.09113204	-0.074022576	-0.04266403	0.07049494	0.16717145	-0.14626288	0.020465417	0.020760395	-0.17833374	-0.0010979219	-0.17766981	0.012603382	-0.24340135	0.011711049	-0.08873288	-0.12728858	-0.081065096	-0.19566146	0.06437007	0.10975868	0.07108579	-0.0487001	-0.12838224	-0.06776964	0.10379963	-0.193927	0.1699171	-0.12645273	-0.018837236	-0.10192483	-0.32917255	-0.1537904	0.13947733	0.07122203	0.031502895	0.15279898	-0.2273238	0.32387105	0.005000601	0.02302639	0.06890986	0.023945315	-0.09880325	-0.17180409
-0.013321046	-0.0727106	-0.02075762	-0.11030723	0.013046163	-0.16530055	0.20169772	0.07442595	-0.16530396	0.019791659	-0.22741352	-0.0705581	-0.07184172	-0.17990594	-0.058871645	0.079792865	-0.20448491	0.24332796	-0.06850898	-0.05943854	0.11512165	-0.12851198	-0.12580918	0.076131396	0.12804453	-0.17687623	-0.08650185	0.04095201	-0.1992449	0.046881378	-0.17013542	0.06429459	-0.12194563	0.029273318	-0.107243955	-0.23329236	-0.13788259	-0.24906772	0.052083656	0.10061362	0.11899757	-0.012218294	-0.18372025	-0.09911894	0.21550259	-0.19011301	0.21357207	-0.13183832	-0.085307114	-0.13127008	-0.3643263	-0.1945295	0.16374487	0.20998581	-0.025277514	0.16655777	-0.23384278	0.21405746	0.1308868	0.08170613	0.056240194	0.0895971	-0.12841193	-0.14158383
0.057227194	0.008336799	-0.06986677	-0.17373928	-0.059901893	-0.13541478	0.15360077	0.11763028	-0.18147361	0.043068722	-0.2705963	-0.07074098	-0.053898476	-0.17436735	-0.031578947	0.032470573	0.017943326	0.30723315	-0.061033376	-0.05548109	0.1007371	-0.13148625	-0.09535142	0.1171091	0.19234742	-0.1308298	-0.08711082	0.028083308	-0.17466827	0.08587607	-0.22970484	0.14352864	-0.030756	0.002799513	-0.12699103	-0.2258708	-0.1920705	-0.2695697	0.11111881	0.07961379	0.14807807	-0.03169905	-0.25084487	-0.0832867	0.20177278	-0.21891157	0.18130995	-0.14138253	-0.14489324	-0.19810015	-0.22420508	-0.17614608	0.2033373	0.1659299	-0.05993975	0.20892544	-0.17117013	0.14348035	0.107758835	0.0017579051	0.04031466	0.13642877	-0.15189533	-0.058090307
0.21075092	0.005322133	-0.12703054	-0.009952404	-0.1616424	0.13386059	-0.1307392	0.053003434	0.04613523	-0.08485905	0.20405576	-0.009339863	0.17716399	0.19747797	0.16074559	0.1380625	0.1397445	0.015122063	0.15333255	-0.098783955	-0.04091704	-0.49411687	-0.05301711	-0.20379557	-0.08421907	0.31673715	-0.063076004	-0.021930004	-0.13837214	-0.22192535	0.19451597	0.09997412	0.4016167	0.08417658	0.05032714	-0.04301223	-0.12016603	0.012366663	0.31023854	0.14981653	0.070515305	0.4052975	0.11243685	-0.20164013	0.037074257	-0.1442831	-0.387917	-0.10725253	-0.13345478	0.15354708	-0.21201429	-0.04372921	-0.16513148	0.025545092	-0.0799777	0.081857175	-0.23692451	0.052336127	-0.36162356	-0.23592496	-0.09734089	-0.06315797	-0.10003771	0.3325902
-0.04960668	-0.037765656	-0.14462014	0.0060833865	-0.16184126	0.07264446	-0.15723018	0.07922969	-0.029303553	0.023739498	0.25495172	0.017229138	0.15319708	0.12252815	0.09830125	0.13632116	0.2157451	-0.10896559	0.06397986	-0.10546831	0.04858872	-0.40769076	-0.10986655	-0.1012608	-0.017325256	0.083304845	-0.022662211	-0.14960086	-0.011759239	-0.201977	-0.006542196	0.009953154	0.4132077	0.029607344	0.0033473903	0.05017637	-0.09765678	-0.0443191	0.043300923	0.080231644	0.0317626	0.37320712	0.037863266	-0.10538695	-0.008701123	-0.07616172	-0.3827622	-0.029779814	-0.0923222	0.15995553	-0.23750705	-0.050119378	-0.11555342	0.0380025	-0.116114594	0.016701838	-0.13861637	0.09170478	-0.29236904	-0.19395307	-0.072095506	-0.059273727	-0.108083256	0.22309001
0.04086349	0.015317847	-0.05079593	-0.036966193	-0.08373784	-0.005473168	-0.06370976	0.08948123	-0.060662784	0.018311061	0.019712236	0.030841036	0.031903263	0.011322007	0.020501757	0.06316591	-0.0018375819	-0.09556045	-0.0736081	-0.03128012	0.051659204	-0.053538904	-0.024197998	-0.044805866	-0.03724885	-0.01851497	-0.0065268213	-0.20066093	-0.057149775	-0.17746702	-0.057172135	0.042231966	0.15576424	-0.012174304	-0.032167505	0.019587299	-0.035771094	-0.07629891	-0.016867967	0.040941004	0.042940833	0.19747443	-0.037628733	-0.023643991	0.045878537	-0.007911033	-0.07382565	-0.023636937	-0.094836086	0.03412559	-0.014789456	-0.0020778452	0.04499309	0.039662164	-0.04049395	0.007618461	-0.09386305	0.064835586	-0.024365844	-0.07104653	-0.0058889417	-0.026708955	-0.06338787	0.061855808
-0.006061945	0.069116525	-0.0012473728	0.048404712	0.012431775	-0.017827036	-0.059580743	0.016132545	0.016302824	-0.05237844	0.009405767	0.022387175	-0.0019225356	0.069472514	0.0013379685	0.020632582	-0.04589925	-0.0133339595	0.030552268	-0.02813803	-0.028300116	-0.118904956	-0.005296038	-0.051147245	-0.056138355	0.013554957	-0.048212685	-0.060618024	-0.04208583	0.14304195	-0.03072222	0.07648977	0.16716053	-0.074023455	0.012887176	0.016059771	-0.021020276	-0.06571774	0.049198445	0.019360881	0.03870601	0.028800178	0.08398974	-0.027597696	-0.0066117886	-0.049792737	-0.020655977	0.04884853	0.022013837	0.065019526	-0.04184713	0.016620431	-0.040475085	0.04277556	-0.05066349	-0.0014697809	-0.07364463	0.061685096	-0.106210195	-0.0747454	0.00854991	-0.031521704	-0.011787839	0.076099575
0.0010092568	0.06528344	0.048130266	-0.036205146	0.033409838	0.001097726	0.02728335	0.01711531	-0.00020602398	-0.047283843	-0.028880555	0.031105055	-0.045925625	0.00080923457	-0.039873123	-0.023002367	-0.051862564	0.11314054	0.12110852	0.039488256	-0.04129766	-0.07387957	-0.035667855	-0.07600544	-0.00097135245	-0.001849585	-0.012045356	0.07626466	-0.124287635	0.24601401	0.0660868	0.11998981	-0.00010431686	-0.12915872	0.017404765	-0.089984864	-0.12132295	-0.120034605	0.06786189	0.113350585	-0.0053636883	-0.07915281	0.029748995	0.002489288	-0.008665704	-0.10248173	0.03440004	0.06195452	0.018541498	0.018062908	-0.099772386	-0.01729671	-0.042060304	-0.027642084	0.0015750965	-0.00096449995	-0.05614628	0.11034321	0.05215026	-0.034039706	-0.058428742	-0.067141324	0.02399136	0.113970794
